[{
  "_id": "tt1",
  "name": "Archer",
  "baseHp": 50,
  "baseAttackPower": 15,
  "baseDefencePower": 5,
  "attackTypes": [
    {
      "$ref": "attack_types",
      "$id": "at1"
    }
  ],
  "defenseTypes": [
    {
      "$ref": "defense_types",
      "$id": "dt1"
    }
  ],
  "attackRange": 3,
  "experienceValue": 2
},
{
  "_id": "tt2",
  "name": "Swordsman",
  "baseHp": 80,
  "baseAttackPower": 20,
  "baseDefencePower": 15,
  "attackTypes": [
    {
      "$ref": "attack_types",
      "$id": "at2"
    }
  ],
  "defenseTypes": [
    {
      "$ref": "defense_types",
      "$id": "dt2"
    }
  ],
  "attackRange": 1,
  "experienceValue": 2
},
{
  "_id": "tt3",
  "name": "Cavalry",
  "baseHp": 100,
  "baseAttackPower": 25,
  "baseDefencePower": 10,
  "attackTypes": [
    {
      "$ref": "attack_types",
      "$id": "at3"
    }
  ],
  "defenseTypes": [
    {
      "$ref": "defense_types",
      "$id": "dt3"
    }
  ],
  "attackRange": 1,
  "experienceValue": 2
},
{
  "_id": "tt4",
  "name": "Mage",
  "baseHp": 40,
  "baseAttackPower": 30,
  "baseDefencePower": 5,
  "attackTypes": [
    {
      "$ref": "attack_types",
      "$id": "at4"
    }
  ],
  "defenseTypes": [
    {
      "$ref": "defense_types",
      "$id": "dt4"
    }
  ],
  "attackRange": 1,
  "experienceValue": 2
},
{
  "_id": "tt5",
  "name": "Siege Engine",
  "baseHp": 150,
  "baseAttackPower": 40,
  "baseDefencePower": 5,
  "attackTypes": [
    {
      "$ref": "attack_types",
      "$id": "at5"
    }
  ],
  "defenseTypes": [
    {
      "$ref": "defense_types",
      "$id": "dt5"
    }
  ],
  "attackRange": 1,
  "experienceValue": 2
}]