[{
  "_id": {
    "$oid": "667a073aa5793c9b63eec3ef"
  },
  "name": "Iron Sword",
  "description": "A sturdy iron sword, reliable in combat.",
  "attributeModifiers": {
    "strength": 2,
    "attack": 5
  },
  "sellPrice": 50
},
{
  "_id": {
    "$oid": "667a073aa5793c9b63eec3f0"
  },
  "name": "Steel Longsword",
  "description": "A finely crafted steel longsword for skilled warriors.",
  "attributeModifiers": {
    "strength": 3,
    "attack": 8
  },
  "sellPrice": 120
},
{
  "_id": {
    "$oid": "667a073aa5793c9b63eec3f1"
  },
  "name": "Enchanted Elven Bow",
  "description": "A graceful bow imbued with elven magic.",
  "attributeModifiers": {
    "dexterity": 5,
    "attack": 10
  },
  "sellPrice": 200
},
{
  "_id": {
    "$oid": "667a073aa5793c9b63eec3f2"
  },
  "name": "Dwarven War Hammer",
  "description": "A heavy hammer forged in dwarven fires.",
  "attributeModifiers": {
    "strength": 8,
    "attack": 12
  },
  "sellPrice": 180
},
{
  "_id": {
    "$oid": "667a073aa5793c9b63eec3f3"
  },
  "name": "Wizard's Staff",
  "description": "A wooden staff crackling with arcane energy.",
  "attributeModifiers": {
    "intelligence": 10,
    "mana": 50
  },
  "sellPrice": 250
},
{
  "_id": {
    "$oid": "667a073aa5793c9b63eec3f4"
  },
  "name": "Leather Armor",
  "description": "Light and flexible leather armor.",
  "attributeModifiers": {
    "defense": 5
  },
  "sellPrice": 40
},
{
  "_id": {
    "$oid": "667a073aa5793c9b63eec3f5"
  },
  "name": "Chainmail",
  "description": "Sturdy chainmail offering good protection.",
  "attributeModifiers": {
    "defense": 10
  },
  "sellPrice": 100
},
{
  "_id": {
    "$oid": "667a073aa5793c9b63eec3f6"
  },
  "name": "Plate Armor",
  "description": "Heavy plate armor offering excellent protection.",
  "attributeModifiers": {
    "defense": 20,
    "strength": -2
  },
  "sellPrice": 300
},
{
  "_id": {
    "$oid": "667a073aa5793c9b63eec3f7"
  },
  "name": "Mage Robes",
  "description": "Flowing robes embroidered with magical runes.",
  "attributeModifiers": {
    "intelligence": 5,
    "mana": 30
  },
  "sellPrice": 150
},
{
  "_id": {
    "$oid": "667a073aa5793c9b63eec3f8"
  },
  "name": "Health Potion",
  "description": "A red potion that restores health.",
  "attributeModifiers": {
    "health": 50
  },
  "sellPrice": 20
},
{
  "_id": {
    "$oid": "667a073aa5793c9b63eec3f9"
  },
  "name": "Mana Potion",
  "description": "A blue potion that restores mana.",
  "attributeModifiers": {
    "mana": 50
  },
  "sellPrice": 25
},
{
  "_id": {
    "$oid": "667a073aa5793c9b63eec3fa"
  },
  "name": "Strength Elixir",
  "description": "A potion that temporarily boosts strength.",
  "attributeModifiers": {
    "strength": 10
  },
  "sellPrice": 40
},
{
  "_id": {
    "$oid": "667a073aa5793c9b63eec3fb"
  },
  "name": "Ring of Protection",
  "description": "A silver ring that enhances the wearer's defense.",
  "attributeModifiers": {
    "defense": 5
  },
  "sellPrice": 200
},
{
  "_id": {
    "$oid": "667a073aa5793c9b63eec3fc"
  },
  "name": "Amulet of Wisdom",
  "description": "An ancient amulet that increases intelligence.",
  "attributeModifiers": {
    "intelligence": 8
  },
  "sellPrice": 180
},
{
  "_id": {
    "$oid": "667a073aa5793c9b63eec3fd"
  },
  "name": "Boots of Speed",
  "description": "Enchanted boots that increase agility.",
  "attributeModifiers": {
    "agility": 10
  },
  "sellPrice": 220
},
{
  "_id": {
    "$oid": "667a073aa5793c9b63eec3fe"
  },
  "name": "Cloak of Invisibility",
  "description": "A magical cloak that can turn the wearer invisible.",
  "attributeModifiers": {
    "stealth": 20
  },
  "sellPrice": 500
},
{
  "_id": {
    "$oid": "667a073aa5793c9b63eec3ff"
  },
  "name": "Dragon Scale Shield",
  "description": "A shield made from the scales of a dragon.",
  "attributeModifiers": {
    "defense": 15,
    "fire_resistance": 10
  },
  "sellPrice": 400
},
{
  "_id": {
    "$oid": "667a073aa5793c9b63eec400"
  },
  "name": "Mystic Orb",
  "description": "A crystal orb used for scrying and enhancing magical abilities.",
  "attributeModifiers": {
    "intelligence": 5,
    "mana": 20
  },
  "sellPrice": 300
},
{
  "_id": {
    "$oid": "667a073aa5793c9b63eec401"
  },
  "name": "Healing Herbs",
  "description": "A bundle of medicinal herbs used for healing.",
  "attributeModifiers": {
    "health": 20
  },
  "sellPrice": 10
},
{
  "_id": {
    "$oid": "667a073aa5793c9b63eec402"
  },
  "name": "Adventurer's Backpack",
  "description": "A sturdy backpack with many pockets for storing gear.",
  "attributeModifiers": {
    "carrying_capacity": 50
  },
  "sellPrice": 30
},
{
  "_id": {
    "$oid": "667a073aa5793c9b63eec403"
  },
  "name": "Enchanted Map",
  "description": "A magical map that reveals hidden locations.",
  "attributeModifiers": {
    "exploration": 10
  },
  "sellPrice": 100
},
{
  "_id": {
    "$oid": "667a073aa5793c9b63eec404"
  },
  "name": "Magical Lockpick",
  "description": "A set of lockpicks imbued with magic for opening difficult locks.",
  "attributeModifiers": {
    "lockpicking": 15
  },
  "sellPrice": 80
},
{
  "_id": {
    "$oid": "667a073aa5793c9b63eec405"
  },
  "name": "Flaming Sword",
  "description": "A sword wreathed in magical flames.",
  "attributeModifiers": {
    "attack": 15,
    "fire_damage": 10
  },
  "sellPrice": 350
},
{
  "_id": {
    "$oid": "667a073aa5793c9b63eec406"
  },
  "name": "Frost Staff",
  "description": "A staff topped with a blue crystal that emanates cold.",
  "attributeModifiers": {
    "intelligence": 8,
    "ice_damage": 12
  },
  "sellPrice": 280
},
{
  "_id": {
    "$oid": "667a073aa5793c9b63eec407"
  },
  "name": "Holy Symbol",
  "description": "A religious symbol that enhances healing and protection spells.",
  "attributeModifiers": {
    "healing": 10,
    "holy_power": 8
  },
  "sellPrice": 150
},
{
  "_id": "item001",
  "name": "Iron Sword",
  "description": "A sturdy iron sword",
  "attributeModifiers": {
    "attack": 15
  },
  "sellPrice": 100
},
{
  "_id": "item002",
  "name": "Leather",
  "description": "High-quality leather",
  "attributeModifiers": {
    "defense": 5
  },
  "sellPrice": 50
},
{
  "_id": "item003",
  "name": "Sword Handle",
  "description": "A wooden handle for swords",
  "attributeModifiers": {
    "durability": 10
  },
  "sellPrice": 25
}]