[{
  "_id": {
    "$oid": "668135ffb2c436bd60cc0a8c"
  },
  "minKillCount": 0,
  "title": "Private"
},
{
  "_id": {
    "$oid": "668135ffb2c436bd60cc0a8d"
  },
  "minKillCount": 5,
  "title": "Corporal"
},
{
  "_id": {
    "$oid": "668135ffb2c436bd60cc0a8e"
  },
  "minKillCount": 15,
  "title": "Sergeant"
},
{
  "_id": {
    "$oid": "668135ffb2c436bd60cc0a8f"
  },
  "minKillCount": 30,
  "title": "Lieutenant"
},
{
  "_id": {
    "$oid": "668135ffb2c436bd60cc0a90"
  },
  "minKillCount": 50,
  "title": "Captain"
},
{
  "_id": {
    "$oid": "668135ffb2c436bd60cc0a91"
  },
  "minKillCount": 75,
  "title": "Major"
},
{
  "_id": {
    "$oid": "668135ffb2c436bd60cc0a92"
  },
  "minKillCount": 100,
  "title": "Colonel"
},
{
  "_id": {
    "$oid": "668135ffb2c436bd60cc0a93"
  },
  "minKillCount": 150,
  "title": "General"
}]