[{
  "_id": "bt1",
  "name": "Barracks",
  "baseHp": 200,
  "baseDefencePower": 2,
  "availableTroops": [
    {
      "$ref": "troop_types",
      "$id": "tt1"
    },
    {
      "$ref": "troop_types",
      "$id": "tt2"
    }
  ],
  "castleHPContribution": 50,
  "threatLevel": 2,
  "limitPerCastle": 3
},
{
  "_id": "bt2",
  "name": "Watchtower",
  "baseHp": 150,
  "baseDefencePower": 3,
  "availableTroops": [
    {
      "$ref": "troop_types",
      "$id": "tt3"
    }
  ],
  "castleHPContribution": 30,
  "threatLevel": 1,
  "limitPerCastle": 4
},
{
  "_id": "bt3",
  "name": "Fortress",
  "baseHp": 500,
  "baseDefencePower": 5,
  "availableTroops": [
    {
      "$ref": "troop_types",
      "$id": "tt4"
    },
    {
      "$ref": "troop_types",
      "$id": "tt5"
    }
  ],
  "castleHPContribution": 100,
  "threatLevel": 4,
  "limitPerCastle": 1
},
{
  "_id": "bt4",
  "name": "Training Grounds",
  "baseHp": 100,
  "baseDefencePower": 1,
  "availableTroops": [
    {
      "$ref": "troop_types",
      "$id": "tt1"
    },
    {
      "$ref": "troop_types",
      "$id": "tt2"
    },
    {
      "$ref": "troop_types",
      "$id": "tt3"
    },
    {
      "$ref": "troop_types",
      "$id": "tt4"
    },
    {
      "$ref": "troop_types",
      "$id": "tt5"
    }
  ],
  "castleHPContribution": 20,
  "threatLevel": 1,
  "limitPerCastle": 2
},
{
  "_id": "bt5",
  "name": "Wall",
  "baseHp": 300,
  "baseDefencePower": 4,
  "availableTroops": [],
  "castleHPContribution": 75,
  "threatLevel": 0,
  "limitPerCastle": 1
}]